BINID	total_length	seq_length_mean	total_seq_counts	genome_id	tp_length	tp_seq_counts	precision_bp	precision_seq	length_gs	seq_counts_gs	recall_bp	recall_seq	rank	Tool	sample_id
MGYG000000001_1-MGYG000000001-1	2576770	23214.144144144146	111	MGYG000000001_1-MGYG000000001-1	2576770	111	1.0	1.0	2576770	111	1.0	1.0	NA	Gold standard	_SAMPLEID_
MGYG000000002_1-MGYG000000002-1	1445293	26278.054545454546	55	MGYG000000002_1-MGYG000000002-1	1445293	55	1.0	1.0	1445293	55	1.0	1.0	NA	Gold standard	_SAMPLEID_
../bins/metabat2/mags/bin.1.fa	1445293	26278.054545454546	55	MGYG000000002_1-MGYG000000002-1	1445293	55	1.0	1.0	1445293	55	1.0	1.0	NA	metabat2_bins.tsv	_SAMPLEID_
../bins/metabat2/mags/bin.2.fa	2504516	25819.75257731959	97	MGYG000000001_1-MGYG000000001-1	2504516	97	1.0	1.0	2576770	111	0.9719594686370921	0.8738738738738738	NA	metabat2_bins.tsv	_SAMPLEID_
