BINID	Tool	genome_id	length_gs	precision_bp	precision_seq	rank	recall_bp	recall_seq	seq_counts_gs	seq_length_mean	total_length	total_seq_counts	tp_length	tp_seq_counts	sample_id
MGYG000000001_1-MGYG000000001-1	Gold standard	MGYG000000001_1-MGYG000000001-1	2576770	1.0	1.0	NA	1.0	1.0	111	23214.144144144146	2576770	111	2576770	111	_SAMPLEID_
MGYG000000002_1-MGYG000000002-1	Gold standard	MGYG000000002_1-MGYG000000002-1	1445293	1.0	1.0	NA	1.0	1.0	55	26278.054545454546	1445293	55	1445293	55	_SAMPLEID_
../bins/metabat2/mags/bin.1.fa	metabat2_bins.tsv	MGYG000000002_1-MGYG000000002-1	1445293	1.0	1.0	NA	1.0	1.0	55	26278.054545454546	1445293	55	1445293	55	_SAMPLEID_
../bins/metabat2/mags/bin.2.fa	metabat2_bins.tsv	MGYG000000001_1-MGYG000000001-1	2576770	1.0	1.0	NA	0.9719594686370921	0.8738738738738738	111	25819.75257731959	2504516	97	2504516	97	_SAMPLEID_
